﻿Designator,Footprint,Quantity,Value,LCSC Part #
"C1, C18, C2, C20, C21, C24, C3, C4, C5, C8",0603,10,100n,
"C10, C11",0805,2,22u,
"C12, C13, C15, C17, C9",0603,5,10u,
"C14, C16",0603,2,330p,
C19,0603,1,2.2n,
"C22, C23",CP_Elec_6.3x5.4,2,47u,
"C6, C7",0603,2,30p,
"D1, D2, D3, D5",D_SOD-323,4,1N5819WS,
D4,D_SMA,1,SS22,
D6,0603,1,RED,
J1,PinHeader_1x04_P2.54mm_Vertical,1,ICSP,
J2,USB_Micro-B_Molex-105017-0001,1,USB_B_Micro,
J3,BarrelJack_GCT_DCJ200-10-A_Horizontal,1,Barrel_Jack_Switch,
"J4, J5",TerminalBlock_bornier-2_P5.08mm,2,ENCODER,
J6,TerminalBlock_bornier-2_P5.08mm,1,MOT 1,
J7,TerminalBlock_bornier-2_P5.08mm,1,MOT 2,
"L1, L2",1008,2,10u,
"R1, R3, R4, R5, R8",0603,5,10k,
"R10, R9",1206,2,100m,
"R15, R16, R17",0603,3,1.5k,
"R2, R7",0603,2,82k,
R6,0603,1,27k,
U1,LQFP-48_7x7mm_P0.5mm,1,STM32F103C8Tx,
"U2, U4",SOT-23-5,2,LMR62014XMF,
U3,SOT-223-3_TabPin2,1,AMS1117-3.3,
U5,InvenSense_QFN-24_4x4mm_P0.5mm,1,MPU-6050,
"U6, U7",Texas_HTSOP-8-1EP_3.9x4.9mm_P1.27mm_EP2.95x4.9mm_Mask2.4x3.1mm_ThermalVias,2,DRV8870DDA,
Y1,Crystal_SMD_5032-2Pin_5.0x3.2mm,1,8MHz,
